month,period,revenue,gross_profit,gross_margin_pct,dead_stock_value,inventory_value,stockout_days
2025-01-01,Before,63825.85,17869.19,28.0,1540.3,24338.21,124
2025-02-01,Before,57475.12,16190.7,28.17,2140.76,24761.92,124
2025-03-01,Before,68862.33,19450.91,28.25,2202.88,24673.58,148
2025-04-01,Before,68472.2,19543.96,28.54,2012.49,23687.85,176
2025-05-01,Before,73399.33,21187.0,28.87,2033.59,20830.55,172
2025-06-01,Before,75155.2,21915.98,29.16,2117.41,20744.48,197
2025-07-01,After,80186.86,24917.96,31.07,1851.45,16336.48,179
2025-08-01,After,80189.09,24961.96,31.13,1401.22,15774.51,183
2025-09-01,After,70840.35,21749.81,30.7,1167.87,15442.86,94
2025-10-01,After,68965.0,20770.34,30.12,1269.17,14653.89,127
2025-11-01,After,61607.0,18195.13,29.53,1029.23,14838.14,96
2025-12-01,After,63634.63,18537.06,29.13,817.2,15248.44,127
