sku_id,product_name,category,units_sold,on_hand_units,sell_through_pct,cash_tied_up,days_of_supply
SKU-026,Celsius 12oz,Energy Drinks,544.0,409,57.1,936.61,136.0
SKU-036,Starbucks Doubleshot 15oz,Energy Drinks,291.0,220,56.9,609.4,137.0
SKU-148,Totino's Party Pizza,Frozen & Ice,501.0,261,65.7,587.25,94.0
SKU-179,Hefty Trash Bags 13gal 20ct,Household & Paper,44.0,32,57.9,203.2,132.0
SKU-178,Dawn Dish Soap 8oz,Household & Paper,99.0,61,61.9,170.19,112.0
SKU-091,Life Savers Wint O Green 6.25oz,Candy & Gum,73.0,57,56.2,117.42,141.0
SKU-174,Reading Glasses +1.50,Health & Beauty,17.0,20,45.9,108.6,213.0
SKU-182,Duracell AAA Batteries 4pk,Household & Paper,36.0,20,64.3,104.8,101.0
SKU-183,Reynolds Aluminum Foil 30sqft,Household & Paper,43.0,23,65.2,93.61,97.0
SKU-200,Wiper Blade 22in,Automotive,13.0,9,59.1,87.39,125.0
SKU-187,LED Light Bulbs 2pk,Household & Paper,11.0,19,36.7,83.6,313.0
SKU-170,Zyrtec 24hr 5ct,Health & Beauty,15.0,14,51.7,69.72,169.0
SKU-198,Brake Fluid 12oz,Automotive,11.0,15,42.3,66.45,247.0
SKU-186,Kingsford Lighter Fluid 32oz,Household & Paper,12.0,17,41.4,63.24,256.0
SKU-167,Banana Boat Sunscreen SPF30,Health & Beauty,4.0,9,30.8,58.14,407.0
SKU-166,Speed Stick Deodorant,Health & Beauty,28.0,16,63.6,45.92,103.0
SKU-168,Vicks DayQuil 8oz,Health & Beauty,5.0,5,50.0,38.9,181.0
SKU-173,Rubbing Alcohol 16oz,Health & Beauty,15.0,18,45.5,35.82,217.0
SKU-197,Tire Pressure Gauge,Automotive,14.0,9,60.9,31.14,116.0
SKU-199,Power Steering Fluid 12oz,Automotive,6.0,6,50.0,29.52,181.0
