sku_id,product_name,category,lead_time_days,avg_daily_demand,sd_daily_demand,stockout_days,avg_on_hand,current_reorder_point,recommended_reorder_point,current_max_stock,recommended_max_stock,action
SKU-011,Coca-Cola 12pk Cans,Soft Drinks,2,6.3,2.6,20.0,27.0,6,19,51,64,Raise (stockout risk)
SKU-097,Marlboro Gold Pack,Tobacco,5,8.1,2.7,19.0,57.0,29,51,151,108,Raise (stockout risk)
SKU-008,Big Red 20oz,Soft Drinks,2,9.5,3.3,17.0,39.0,10,27,81,94,Raise (stockout risk)
SKU-145,Bagged Ice 10lb,Frozen & Ice,5,19.9,7.5,13.0,155.0,76,128,396,268,Raise (stockout risk)
SKU-038,Gatorade Fruit Punch 28oz,Water & Sports Drinks,2,7.2,3.4,13.0,34.0,10,23,78,74,Raise (stockout risk)
SKU-110,Nature's Own Butterbread,Grocery,6,5.5,2.4,13.0,44.0,25,43,114,82,Raise (stockout risk)
SKU-108,Backwoods Honey Cigars 5pk,Tobacco,5,2.9,1.7,12.0,26.0,11,21,59,42,Raise (stockout risk)
SKU-023,Monster Energy 16oz,Energy Drinks,3,37.8,8.1,8.0,218.0,94,137,533,402,Raise (stockout risk)
SKU-015,Sunkist 20oz,Soft Drinks,2,9.6,3.4,8.0,59.0,15,28,117,96,Raise (stockout risk)
SKU-027,Red Bull 12oz,Energy Drinks,3,6.3,2.5,8.0,41.0,17,27,95,71,Raise (stockout risk)
SKU-001,Coca-Cola 20oz,Soft Drinks,2,8.5,2.9,7.0,51.0,13,24,104,84,Raise (stockout risk)
SKU-024,Red Bull 8.4oz,Energy Drinks,3,5.2,2.4,7.0,37.0,14,23,80,60,Raise (stockout risk)
SKU-146,Blue Bell Homemade Vanilla Pint,Frozen & Ice,5,7.9,3.5,6.0,79.0,37,53,192,109,Raise (stockout risk)
SKU-095,Marlboro Red Pack,Tobacco,5,15.4,3.8,5.0,135.0,66,92,343,200,Raise (stockout risk)
SKU-138,Kraft Singles 12ct,Dairy & Refrigerated,2,3.8,2.1,5.0,32.0,8,13,67,40,Raise (stockout risk)
SKU-099,Pall Mall Red Pack,Tobacco,5,3.5,1.9,4.0,47.0,20,25,103,50,Raise (stockout risk)
SKU-096,Newport Menthol Pack,Tobacco,5,8.7,3.3,3.0,99.0,45,56,234,117,Raise (stockout risk)
SKU-134,2% Milk Gallon,Dairy & Refrigerated,2,8.2,2.9,3.0,67.0,18,24,145,82,Raise (stockout risk)
SKU-102,Winston Red Pack,Tobacco,5,3.6,1.8,2.0,48.0,20,25,104,50,Raise (stockout risk)
SKU-016,Pepsi 12pk Cans,Soft Drinks,2,2.9,1.7,2.0,37.0,7,10,57,31,Raise (stockout risk)
SKU-042,Ozarka Water 24pk,Water & Sports Drinks,2,2.3,1.6,2.0,25.0,6,9,47,26,Raise (stockout risk)
SKU-003,Dr Pepper 20oz,Soft Drinks,2,18.4,5.1,1.0,169.0,44,49,351,178,Raise (stockout risk)
SKU-051,Takis Fuego 4oz,Salty Snacks,3,6.2,2.6,1.0,69.0,25,26,142,70,Raise (stockout risk)
SKU-002,Mountain Dew 20oz,Soft Drinks,2,46.1,9.7,0.0,475.0,123,115,982,438,Lower (overstock)
SKU-005,Diet Coke 20oz,Soft Drinks,2,22.2,6.3,0.0,185.0,47,60,374,216,Raise (stockout risk)
SKU-006,Coca-Cola 2L,Soft Drinks,2,9.9,3.1,0.0,120.0,28,27,226,96,Lower (overstock)
SKU-004,Pepsi 20oz,Soft Drinks,2,9.3,3.3,0.0,175.0,42,27,339,93,Lower (overstock)
SKU-049,Doritos Nacho Cheese 2.75oz,Salty Snacks,3,9.2,3.4,0.0,92.0,34,38,192,103,Raise (stockout risk)
SKU-007,Sprite 20oz,Soft Drinks,2,8.9,3.4,0.0,94.0,23,26,183,89,Raise (stockout risk)
SKU-012,Coke Zero 20oz,Soft Drinks,2,8.2,3.1,0.0,100.0,24,24,190,82,Keep
SKU-025,Monster Zero Ultra 16oz,Energy Drinks,3,8.2,3.0,0.0,86.0,32,34,181,92,Raise (stockout risk)
SKU-052,Lay's Classic 2.6oz,Salty Snacks,3,7.7,2.7,0.0,188.0,63,31,359,85,Lower (overstock)
SKU-040,Powerade Mountain Berry 28oz,Water & Sports Drinks,2,7.2,3.2,0.0,122.0,29,22,232,73,Lower (overstock)
SKU-098,Camel Blue Pack,Tobacco,5,6.7,2.6,0.0,96.0,40,43,207,90,Raise (stockout risk)
SKU-100,Grizzly Wintergreen Long Cut,Tobacco,5,6.7,2.6,0.0,132.0,52,43,271,90,Lower (overstock)
SKU-103,Copenhagen Long Cut,Tobacco,5,6.0,2.4,0.0,153.0,56,39,290,81,Lower (overstock)
SKU-133,Whole Milk Gallon,Dairy & Refrigerated,2,5.5,2.4,0.0,81.0,20,17,157,56,Lower (overstock)
SKU-101,Zyn Cool Mint 6mg,Tobacco,5,2.8,1.6,0.0,44.0,17,21,87,41,Raise (stockout risk)
SKU-107,Skoal Wintergreen Long Cut,Tobacco,5,2.3,1.5,0.0,55.0,21,18,110,35,Lower (overstock)
SKU-022,Fresca 12pk Cans,Soft Drinks,2,2.1,1.5,0.0,56.0,11,8,87,23,Lower (overstock)
