sku_id,product_name,category,shelf_facings,revenue,gross_profit,margin_pct,gp_per_facing_per_week,category_avg_gp_per_facing
SKU-199,Power Steering Fluid 12oz,Automotive,3,44.94,15.42,34.3,0.2,1.68
SKU-187,LED Light Bulbs 2pk,Household & Paper,3,76.89,28.49,37.1,0.37,1.63
SKU-186,Kingsford Lighter Fluid 32oz,Household & Paper,2,65.88,21.24,32.2,0.41,1.63
SKU-173,Rubbing Alcohol 16oz,Health & Beauty,2,52.35,22.5,43.0,0.43,1.92
SKU-196,Fuel Injector Cleaner 12oz,Automotive,3,95.88,33.84,35.3,0.43,1.68
SKU-169,Toothbrush Medium,Health & Beauty,2,65.78,26.4,40.1,0.51,1.92
SKU-167,Banana Boat Sunscreen SPF30,Health & Beauty,1,39.96,14.12,35.3,0.54,1.92
SKU-198,Brake Fluid 12oz,Automotive,2,76.89,28.16,36.6,0.54,1.68
SKU-165,Travel Toothpaste 0.85oz,Health & Beauty,1,34.86,17.22,49.4,0.66,1.92
SKU-086,Blow Pop,Candy & Gum,1,43.29,18.87,43.6,0.73,5.2
SKU-171,Suave Shampoo 12.6oz,Health & Beauty,1,35.92,19.04,53.0,0.73,1.92
SKU-183,Reynolds Aluminum Foil 30sqft,Household & Paper,2,214.57,39.56,18.4,0.76,1.63
SKU-131,Crisco Vegetable Oil 48oz,Grocery,2,201.19,41.54,20.6,0.8,3.25
SKU-160,ChapStick Classic,Health & Beauty,2,107.64,41.76,38.8,0.8,1.92
SKU-168,Vicks DayQuil 8oz,Health & Beauty,1,59.95,21.05,35.1,0.81,1.92
