seed,gross_margin_before_pct,gross_margin_after_pct,margin_change_pct,dead_stock_change_pct,stockout_change_pct
1,27.7,29.6,7.0,-43.6,-12.0
2,28.5,30.1,5.8,-15.9,-21.6
3,28.5,29.7,4.3,-11.3,-11.7
4,28.0,29.7,6.2,-52.1,-12.0
5,28.9,30.9,6.8,-24.8,-16.3
6,28.0,30.1,7.6,-41.4,-17.0
7,27.7,29.5,6.8,-7.6,-18.3
8,29.0,30.7,5.8,-52.5,-11.7
9,28.4,30.1,5.9,-37.8,-17.5
10,27.6,28.7,4.1,-38.1,-24.3
11,28.7,30.8,7.1,-55.8,-2.6
12,28.6,30.6,7.1,-25.2,-14.3
13,28.5,30.4,6.4,-37.4,-14.3
14,29.0,30.4,4.6,-32.2,-8.2
15,29.5,31.4,6.7,-51.0,-18.2
16,28.6,30.1,5.1,-45.2,-19.9
17,28.7,30.0,4.7,-37.4,-3.5
18,30.0,31.4,5.0,-33.7,-20.2
19,29.9,31.8,6.6,-18.0,-5.9
20,29.9,31.3,4.8,-27.3,-20.0
